architecture,concurrency,total_requests,requests_per_sec,avg_response_time,median_response_time,p95_response_time,p99_response_time,failure_count,failure_rate,test_duration_sec
monolithic,25,620,10.49276743395449,13.65895086801761,12.0,24.0,44.0,0,0.0,60.51739001274109
microservices,25,607,10.24192729842344,21.435580171277987,19.0,44.0,70.0,0,0.0,60.262531042099
monolithic,75,1776,29.98695320162552,10.842903869906714,9.0,22.0,49.0,0,0.0,60.25376892089844
microservices,75,1745,29.46650347911823,19.23411415805133,15.0,45.0,83.0,0,0.0,60.26287794113159
monolithic,150,3309,55.85916846664764,8.961963454388357,7.0,22.0,39.0,0,0.0,60.25488901138306
microservices,150,3199,54.10746354852821,20.48394707916836,15.0,56.0,84.0,0,0.0,60.291831970214844
